user_id,primary_lead_quality,engagement_score,conversion_probability,lead_score,converted,primary_channel,total_duration,total_interactions,interaction_variety
ff9ada7bf63c,hot,4.500000000000001,0.88,High,1,staff_referral,24,1,1
b1e6e5314a75,hot,4.500000000000001,0.88,High,1,staff_referral,24,1,1
71a774565eeb,cold,1.7999999999999998,0.87,High,1,qr_code_scan,9,1,1
42ce57776b35,warm,2.6,0.81,High,1,in_person_booth,8,1,1
d7b3c728e3b3,cold,2.55,0.81,High,1,in_person_booth,18,2,2
082df2176a2d,cold,2.35,0.81,High,1,in_person_booth,11,2,2
5cee5c3fad40,cold,2.6,0.81,High,1,in_person_booth,16,2,2
e0c2f9c3e995,cold,4.3,0.81,High,1,self_service_kiosk,50,2,2
391ffbb91ad7,cold,1.7000000000000002,0.8,High,1,qr_code_scan,5,1,1
4213a3e7e735,cold,4.1000000000000005,0.79,High,1,in_person_booth,29,1,1
3a87720cd129,warm,4.0,0.79,High,1,in_person_booth,32,2,2
ee321166c438,cold,3.966666666666667,0.78,High,1,qr_code_scan,41,3,3
39146a6b7269,hot,4.0,0.78,High,1,staff_referral,19,1,1
9e73c89d5315,warm,4.1,0.78,High,1,self_service_kiosk,41,4,4
b3a38fa1bb51,hot,4.800000000000001,0.77,High,1,qr_code_scan,30,1,1
4f57b46df7a0,warm,3.166666666666667,0.77,High,1,qr_code_scan,29,3,2
7e2b448301a0,cold,4.300000000000001,0.77,High,1,qr_code_scan,28,1,1
23419bd50f9d,cold,3.666666666666667,0.77,High,1,qr_code_scan,32,3,3
f1afc6663d0b,cold,2.5,0.77,High,1,in_person_booth,7,1,1
010b16421426,hot,3.9000000000000004,0.77,High,1,qr_code_scan,33,3,3
e5f080db7467,cold,2.0,0.77,High,1,staff_referral,5,1,1
98b73ea155fd,cold,3.25,0.76,High,1,in_person_booth,20,2,2
c7174cc74d59,hot,4.300000000000001,0.76,High,1,in_person_booth,28,1,1
cc916df5007c,cold,2.2,0.75,High,1,self_service_kiosk,1,1,1
e335bed80143,hot,3.3000000000000003,0.75,High,1,in_person_booth,21,1,1
3d61e72b3e25,cold,2.55,0.75,High,1,qr_code_scan,21,2,2
ac593d5e4e51,cold,4.8500000000000005,0.75,High,1,staff_referral,78,4,3
6348dc1e1b35,cold,5.3999999999999995,0.74,High,1,in_person_booth,60,2,2
59c3a6298f92,cold,4.166666666666668,0.74,High,1,in_person_booth,50,3,3
645bcf2edf06,hot,3.9,0.73,High,1,qr_code_scan,27,1,1
c7665eb6891b,cold,3.7,0.73,High,1,in_person_booth,26,2,2
e2b0020d886c,cold,3.3499999999999996,0.73,High,1,in_person_booth,31,2,2
fe83371d04bf,cold,3.8000000000000003,0.73,High,1,in_person_booth,26,1,1
a93930973af4,warm,4.1000000000000005,0.73,High,1,qr_code_scan,20,1,1
3c310ca2d784,cold,3.0,0.73,High,1,qr_code_scan,9,1,1
57caa2487fe7,cold,2.0,0.73,High,1,self_service_kiosk,5,1,1
a16860d1217a,cold,2.3,0.73,High,1,staff_referral,5,1,1
e9062e413b41,cold,3.6500000000000004,0.73,High,1,self_service_kiosk,37,2,2
7bab91e54eaa,cold,4.300000000000001,0.73,High,1,staff_referral,28,1,1
2e7a903e0893,hot,1.7999999999999998,0.73,High,1,qr_code_scan,9,1,1
8358b6d4b29c,hot,3.5999999999999996,0.72,High,1,qr_code_scan,36,2,2
7441394efdc5,warm,4.033333333333333,0.72,High,1,in_person_booth,34,3,3
baeb2790b65c,cold,2.35,0.72,High,0,in_person_booth,11,2,2
a804d38cd7e7,warm,1.3,0.72,High,1,qr_code_scan,4,1,1
57ffae926132,cold,3.9,0.72,High,1,in_person_booth,18,1,1
333d864929c2,cold,3.05,0.72,High,1,in_person_booth,13,2,2
696cfc8d05c9,cold,3.3499999999999996,0.72,High,1,self_service_kiosk,16,2,2
b4de93d62b11,hot,2.5,0.71,High,1,qr_code_scan,11,2,2
ef2c45ce8fae,hot,2.6999999999999997,0.71,High,1,qr_code_scan,26,2,1
4173165ef0bd,cold,3.3,0.71,High,1,in_person_booth,36,2,2
4524f0209343,hot,3.9000000000000004,0.71,High,1,in_person_booth,42,3,3
312408dd1bab,cold,1.8000000000000003,0.71,High,1,in_person_booth,6,1,1
2f7b0166b927,hot,3.0,0.7,Medium,1,qr_code_scan,27,2,2
f4f83b0de08f,cold,4.1000000000000005,0.7,Medium,1,qr_code_scan,29,1,1
10ab08a116bc,warm,2.3,0.7,Medium,1,staff_referral,2,1,1
4b454b065cb3,warm,2.3000000000000003,0.7,Medium,1,self_service_kiosk,14,1,1
5d49133ac6ed,cold,2.8000000000000003,0.7,Medium,1,qr_code_scan,19,1,1
cc56b60629a8,warm,1.9,0.69,Medium,1,staff_referral,4,1,1
9628fbba8596,cold,2.3000000000000003,0.69,Medium,1,qr_code_scan,14,1,1
2507f4bdc31a,cold,2.95,0.69,Medium,1,qr_code_scan,17,2,2
5eb64148d73e,cold,1.1,0.69,Medium,1,self_service_kiosk,2,1,1
3cacf7c5b921,hot,4.15,0.69,Medium,1,qr_code_scan,32,2,2
a297b99a07e9,cold,3.9,0.69,Medium,1,self_service_kiosk,30,1,1
fbadc633cad1,warm,3.9,0.69,Medium,1,in_person_booth,21,1,1
430b80c02bbc,warm,3.7,0.69,Medium,1,staff_referral,23,2,2
f10df0136d17,warm,4.2,0.69,Medium,1,in_person_booth,27,1,1
cd50c703770a,warm,2.4,0.69,Medium,1,in_person_booth,12,1,1
d952a8c6def2,hot,4.125,0.69,Medium,1,qr_code_scan,47,4,2
488edc629e6b,cold,3.0,0.69,Medium,1,qr_code_scan,15,2,2
03270aeb4e0b,warm,4.8500000000000005,0.69,Medium,1,in_person_booth,49,2,2
7179dffba910,cold,1.3,0.69,Medium,1,self_service_kiosk,4,1,1
02baf3056d20,hot,4.0,0.69,Medium,1,self_service_kiosk,19,1,1
deec587bf3c8,cold,4.45,0.68,Medium,1,qr_code_scan,47,2,2
18f8d7728644,hot,4.166666666666667,0.68,Medium,1,in_person_booth,41,3,2
4b6d6f4db028,warm,4.9,0.68,Medium,1,in_person_booth,60,3,3
651ff125edc7,cold,4.75,0.68,Medium,1,in_person_booth,71,4,3
6dbf3d78e76f,hot,3.8000000000000003,0.68,Medium,1,self_service_kiosk,29,1,1
b48cf6f50309,hot,4.500000000000001,0.68,Medium,1,qr_code_scan,24,1,1
16f8ad989685,warm,3.5,0.67,Medium,1,self_service_kiosk,30,4,3
eef034705773,hot,2.1,0.67,Medium,1,self_service_kiosk,12,1,1
ce173eb75315,warm,3.966666666666667,0.67,Medium,1,staff_referral,50,3,2
1741e8ecd7d8,hot,2.6,0.67,Medium,1,qr_code_scan,17,1,1
1419a17c5be4,warm,4.7,0.67,Medium,1,qr_code_scan,26,1,1
b529e5df6348,cold,2.3,0.67,Medium,1,in_person_booth,7,2,2
79394fcd9277,cold,2.1999999999999997,0.67,Medium,1,in_person_booth,4,1,1
b6469b474eeb,cold,4.1000000000000005,0.67,Medium,1,in_person_booth,34,2,2
bfb277ddd213,hot,4.7666666666666675,0.67,Medium,1,qr_code_scan,65,3,3
3074c48f51a9,cold,3.4000000000000004,0.67,Medium,1,in_person_booth,35,2,2
4e1daea65d07,hot,3.3,0.67,Medium,1,self_service_kiosk,15,1,1
1be056a42f01,warm,4.866666666666667,0.67,Medium,1,in_person_booth,50,3,3
25c763781319,cold,3.05,0.66,Medium,1,qr_code_scan,7,2,2
a9b988d333a1,warm,2.4,0.66,Medium,1,self_service_kiosk,6,1,1
4aee95c24638,hot,3.45,0.66,Medium,1,in_person_booth,24,2,2
3b52bae177ce,cold,4.2,0.66,Medium,1,self_service_kiosk,39,2,2
60eea410799b,warm,3.1,0.66,Medium,1,staff_referral,13,1,1
905e757e6e8d,cold,3.45,0.66,Medium,1,staff_referral,27,2,2
d7c3633881da,hot,3.3000000000000003,0.66,Medium,1,staff_referral,21,1,1
9007b451d538,cold,5.56,0.66,Medium,1,qr_code_scan,65,5,5
2bb522629ffb,warm,3.25,0.65,Medium,1,in_person_booth,26,2,2
b92a73710a40,cold,3.65,0.65,Medium,1,self_service_kiosk,33,2,1
78795e1c06ab,cold,3.7,0.65,Medium,1,in_person_booth,41,2,2
624d195dabc8,hot,3.75,0.65,Medium,1,in_person_booth,33,2,2
38234b696ce5,hot,3.6,0.65,Medium,1,in_person_booth,29,2,1
11cccf6c5cda,cold,3.35,0.65,Medium,1,in_person_booth,33,2,1
bd8f7418109f,warm,3.0,0.64,Medium,1,self_service_kiosk,18,1,1
c2f15c9a406d,cold,3.6,0.64,Medium,1,self_service_kiosk,18,1,1
c90f28bf69ef,warm,3.6,0.64,Medium,1,self_service_kiosk,15,1,1
ea99a02cec46,cold,4.5,0.64,Medium,1,in_person_booth,42,3,3
3858e759593b,cold,3.1999999999999997,0.63,Medium,1,self_service_kiosk,17,1,1
9bb81aa4686b,cold,3.45,0.63,Medium,1,self_service_kiosk,21,2,2
7bd5630082d3,hot,2.6999999999999997,0.62,Medium,1,qr_code_scan,6,1,1
847d3ad5adf1,cold,3.6500000000000004,0.62,Medium,1,in_person_booth,34,2,2
1496ded60342,cold,4.300000000000001,0.62,Medium,1,in_person_booth,51,3,3
6f2c6473c598,warm,1.3,0.62,Medium,1,qr_code_scan,1,1,1
ddfce8a2aec6,hot,4.75,0.62,Medium,1,in_person_booth,50,2,2
7625f9dd7415,warm,1.7999999999999998,0.61,Medium,1,staff_referral,3,1,1
6e64b7cab2cd,warm,3.3000000000000003,0.61,Medium,1,qr_code_scan,24,1,1
07aa582f333d,cold,2.6999999999999997,0.6,Medium,1,qr_code_scan,12,1,1
7d6b7c8f0cbc,hot,3.8,0.59,Medium,1,staff_referral,20,1,1
b97e5334b8ea,cold,2.9,0.48,Medium,1,staff_referral,8,1,1
09d5238f1054,hot,2.5,0.45,Medium,0,qr_code_scan,4,1,1
49cb193b6c04,cold,2.5,0.45,Medium,0,in_person_booth,11,2,2
65b5d42ca6c4,cold,4.0,0.42,Medium,0,qr_code_scan,19,1,1
7490e1ae364b,cold,2.4,0.42,Medium,0,qr_code_scan,3,1,1
f1600df0b68a,warm,3.4000000000000004,0.41,Medium,1,qr_code_scan,18,3,3
ab1b407e4fb3,cold,1.0,0.38,Medium,0,qr_code_scan,1,1,1
c3519e6ea57f,cold,2.8499999999999996,0.38,Medium,0,in_person_booth,27,2,2
f924f165d4f9,warm,4.233333333333333,0.38,Medium,0,qr_code_scan,34,3,3
0e3bcc6dd95b,cold,3.766666666666667,0.37,Medium,1,in_person_booth,23,3,3
defe90863fe7,cold,2.1,0.37,Medium,0,in_person_booth,9,1,1
42babdb3764b,hot,2.4,0.37,Medium,1,self_service_kiosk,15,1,1
07b2e46f4796,cold,3.466666666666667,0.37,Medium,1,qr_code_scan,20,3,3
2097159c55b7,warm,2.3,0.37,Medium,0,in_person_booth,2,1,1
327a9fd3b5d6,cold,3.4,0.37,Medium,0,in_person_booth,22,1,1
3b7e10cbb33b,hot,4.1000000000000005,0.37,Medium,0,self_service_kiosk,29,1,1
6daafe170fbe,cold,3.85,0.37,Medium,0,in_person_booth,31,2,1
26b34cb9b32a,warm,3.233333333333334,0.36,Medium,0,staff_referral,22,3,3
865913d58c43,hot,2.5999999999999996,0.36,Medium,0,qr_code_scan,10,2,2
ab65738f8d23,hot,1.4,0.36,Medium,0,self_service_kiosk,2,1,1
ef5d04b37877,cold,3.3,0.36,Medium,0,qr_code_scan,21,2,2
14892afe65ae,hot,2.7333333333333334,0.35,Medium,0,self_service_kiosk,19,3,3
c014cec91b0d,cold,3.35,0.35,Medium,0,qr_code_scan,33,2,1
a7e52bff2bfd,cold,3.666666666666667,0.35,Medium,0,staff_referral,20,3,3
6a9681b1da59,warm,2.4,0.34,Medium,0,qr_code_scan,15,1,1
74f7116771ed,cold,2.1,0.34,Medium,0,self_service_kiosk,9,1,1
a0fb340a6b5e,hot,3.566666666666667,0.34,Medium,0,qr_code_scan,26,3,3
a44f2a4abb7c,warm,2.0,0.34,Medium,0,staff_referral,5,1,1
32cf0dfca214,warm,4.1000000000000005,0.34,Medium,1,qr_code_scan,29,1,1
1680e186c3b1,cold,1.4,0.34,Medium,0,qr_code_scan,5,1,1
f233a89119a6,cold,1.5,0.33,Medium,1,self_service_kiosk,3,1,1
724135ea96a2,cold,2.3,0.32,Medium,1,in_person_booth,2,1,1
22aa2751bc64,warm,2.3,0.32,Medium,0,in_person_booth,2,1,1
a78917121e02,cold,1.3,0.31,Medium,0,in_person_booth,1,1,1
31f8a9fba53a,hot,3.0999999999999996,0.31,Medium,0,self_service_kiosk,12,3,2
70d1ba25b2f4,cold,1.2000000000000002,0.31,Medium,0,self_service_kiosk,3,1,1
7101122541c1,hot,3.75,0.31,Medium,1,in_person_booth,33,2,2
680aaec88706,cold,4.2,0.3,Low,0,qr_code_scan,30,1,1
4c041df55852,warm,3.2,0.3,Low,0,in_person_booth,31,2,2
d6b61871739d,warm,4.133333333333334,0.3,Low,1,staff_referral,46,3,2
d8e134f36921,warm,3.1,0.3,Low,0,staff_referral,22,1,1
fa0d3842e6aa,cold,4.0,0.3,Low,0,self_service_kiosk,19,1,1
6496aac02f1f,hot,1.6999999999999997,0.29,Low,1,in_person_booth,2,1,1
dac838e24ed0,hot,3.5000000000000004,0.29,Low,0,in_person_booth,36,3,3
ce1e8e48866a,hot,3.6,0.28,Low,0,qr_code_scan,18,1,1
cfccafa4714d,cold,5.3999999999999995,0.28,Low,0,self_service_kiosk,57,2,2
2ac0e105880c,hot,3.55,0.28,Low,0,qr_code_scan,32,2,2
4b0539c56751,cold,3.05,0.28,Low,0,self_service_kiosk,27,2,1
febf7be59595,warm,4.7,0.28,Low,0,qr_code_scan,26,1,1
2cd5b9cc59e7,warm,2.2,0.28,Low,0,qr_code_scan,1,1,1
53beec319073,cold,2.6999999999999997,0.28,Low,0,self_service_kiosk,15,1,1
d2810fca80f0,hot,2.8,0.27,Low,0,in_person_booth,11,2,2
1230bc39043a,cold,2.1999999999999997,0.27,Low,0,in_person_booth,4,1,1
58fa4ff1f3b6,warm,1.6,0.26,Low,0,staff_referral,1,1,1
d24f86bb2e57,warm,3.6499999999999995,0.26,Low,0,qr_code_scan,31,2,2
0f60e08ab1ea,cold,2.3,0.26,Low,0,self_service_kiosk,5,1,1
544d14ab675a,cold,4.3,0.25,Low,0,in_person_booth,38,2,2
e6d7ec04d50d,hot,4.1000000000000005,0.25,Low,0,qr_code_scan,37,2,2
f55095f3c77d,hot,1.3,0.25,Low,0,qr_code_scan,1,1,1
4ad6fa155b90,hot,4.4,0.25,Low,0,qr_code_scan,29,1,1
3a312966a828,hot,3.2666666666666666,0.25,Low,0,in_person_booth,20,3,3
e1d699d4ede5,cold,4.6000000000000005,0.24,Low,0,in_person_booth,44,2,2
0f7c96d15766,hot,4.050000000000001,0.24,Low,1,in_person_booth,48,2,2
34c263d47dc8,cold,3.05,0.24,Low,0,in_person_booth,10,2,2
91d6662d9114,hot,4.433333333333334,0.24,Low,0,self_service_kiosk,52,3,3
60807867e00e,cold,4.700000000000001,0.24,Low,0,in_person_booth,29,1,1
01ce4df9cb6e,hot,3.3499999999999996,0.24,Low,0,self_service_kiosk,25,2,2
f20fb7a70794,cold,4.4,0.23,Low,0,in_person_booth,29,1,1
dd6ff962be7d,cold,4.2,0.23,Low,0,in_person_booth,48,3,3
58fb276e1a7c,cold,3.45,0.23,Low,0,self_service_kiosk,24,2,2
c36ee1037c43,cold,4.000000000000001,0.23,Low,0,self_service_kiosk,28,1,1
c6c0522b03a7,hot,3.2,0.23,Low,0,in_person_booth,22,2,2
b50f1158160b,cold,2.75,0.23,Low,0,in_person_booth,16,2,2
2ec53a90d7ff,cold,4.15,0.23,Low,0,self_service_kiosk,38,2,2
3de4cba0c81a,hot,2.3,0.22,Low,0,qr_code_scan,2,1,1
2f3aea54c78d,warm,5.1000000000000005,0.22,Low,0,qr_code_scan,30,1,1
339afbfce118,cold,3.9,0.22,Low,0,qr_code_scan,30,1,1
4f174ba4ac61,hot,4.1000000000000005,0.22,Low,0,in_person_booth,29,1,1
ec51c995a567,warm,1.3,0.21,Low,0,in_person_booth,4,1,1
d18bb764e9f4,hot,4.1,0.21,Low,0,staff_referral,57,3,2
19af6a0c410d,hot,3.1500000000000004,0.21,Low,0,self_service_kiosk,27,2,2
1aaf15efcde3,hot,3.2,0.21,Low,1,qr_code_scan,31,2,2
4fd5e192b4d5,cold,2.3000000000000003,0.21,Low,1,self_service_kiosk,14,1,1
c7aa69bc90d0,cold,2.9499999999999997,0.21,Low,0,in_person_booth,16,2,1
bd8560a6d3ce,warm,3.4000000000000004,0.21,Low,0,in_person_booth,38,2,2
23f489e9e52d,cold,4.7,0.21,Low,0,in_person_booth,46,2,2
5663790194be,hot,3.0,0.21,Low,0,qr_code_scan,18,1,1
8bf9ef0d71ba,hot,3.9999999999999996,0.2,Low,1,staff_referral,25,1,1
cdb5021b4be6,warm,4.1000000000000005,0.2,Low,0,self_service_kiosk,23,1,1
3826b38a6bdb,warm,4.55,0.2,Low,0,staff_referral,67,4,2
c1960dd106d7,hot,3.25,0.2,Low,0,in_person_booth,14,2,2
70dd4ba65b1f,hot,3.0,0.2,Low,0,in_person_booth,9,1,1
ccb7fe9c9fd2,hot,3.4999999999999996,0.19,Low,0,qr_code_scan,20,1,1
76a761b64718,hot,3.7750000000000004,0.19,Low,0,qr_code_scan,29,4,3
604be215ed18,hot,4.300000000000001,0.19,Low,0,staff_referral,22,1,1
5f63bc80bb86,cold,4.0,0.19,Low,0,self_service_kiosk,63,3,2
ac8b69f9dd0b,hot,4.9,0.19,Low,0,in_person_booth,89,4,3
1d237f1fe81c,cold,3.0,0.19,Low,0,self_service_kiosk,29,2,1
e4bf598c87e4,cold,2.2,0.19,Low,0,self_service_kiosk,10,1,1
974b714e6355,warm,2.6999999999999997,0.19,Low,0,staff_referral,6,1,1
9eab9240012e,cold,1.6,0.19,Low,0,staff_referral,7,1,1
f53798593a6f,cold,2.5,0.19,Low,0,staff_referral,4,1,1
d0508c26d38c,cold,4.300000000000001,0.19,Low,0,self_service_kiosk,28,1,1
f8f618a79316,warm,3.5,0.18,Low,0,in_person_booth,26,1,1
62573f9b831d,hot,1.3,0.18,Low,0,qr_code_scan,4,1,1
652ce3d51e97,warm,4.1000000000000005,0.18,Low,0,self_service_kiosk,29,1,1
8646e7ff1345,hot,3.9,0.18,Low,0,self_service_kiosk,18,1,1
de2b5819dc6a,warm,5.48,0.18,Low,0,qr_code_scan,102,5,4
4c78ea7a0265,hot,3.5,0.18,Low,0,self_service_kiosk,14,1,1
40e259e424f9,cold,3.7,0.18,Low,1,in_person_booth,29,2,2
4de1d8556d09,cold,4.2,0.18,Low,0,in_person_booth,39,2,2
e1f39890447c,cold,3.8000000000000003,0.18,Low,0,in_person_booth,17,1,1
928363ba9ae1,cold,2.8999999999999995,0.18,Low,0,staff_referral,16,2,2
2727abd3e2aa,cold,2.1,0.18,Low,0,self_service_kiosk,12,1,1
3c21a0969282,hot,3.0,0.17,Low,0,in_person_booth,18,1,1
2ab4ccddd6a3,hot,3.25,0.17,Low,0,in_person_booth,32,2,2
daac327e81c0,hot,3.3500000000000005,0.17,Low,0,self_service_kiosk,22,2,2
4eb9c5192932,hot,2.5,0.17,Low,0,in_person_booth,16,1,1
c812324c6051,hot,3.3333333333333335,0.17,Low,1,in_person_booth,22,3,3
df8f67aaf84f,cold,5.875,0.17,Low,0,qr_code_scan,88,4,4
6aefa2dcd622,cold,4.5,0.17,Low,0,in_person_booth,61,4,3
365828f64372,cold,4.300000000000001,0.17,Low,0,in_person_booth,42,3,3
98d69d638380,warm,3.9000000000000004,0.17,Low,0,qr_code_scan,33,3,3
233564719710,warm,2.4,0.17,Low,0,qr_code_scan,12,1,1
86be380d92e7,cold,5.0,0.17,Low,0,self_service_kiosk,58,2,2
c044af92a6ac,warm,1.7000000000000002,0.17,Low,0,self_service_kiosk,8,1,1
6be53b52cf3c,cold,2.5,0.16,Low,0,staff_referral,4,1,1
332403611368,hot,3.6500000000000004,0.16,Low,0,in_person_booth,67,4,2
21d9eacdc943,cold,2.6999999999999997,0.16,Low,0,in_person_booth,15,1,1
f53fe55f0257,hot,1.3,0.16,Low,0,qr_code_scan,4,1,1
e8bd339e890f,warm,3.1,0.16,Low,1,staff_referral,16,1,1
4e7e27d419be,cold,3.6500000000000004,0.16,Low,0,staff_referral,33,4,3
fcd8ff1c7f4d,cold,2.6999999999999997,0.16,Low,0,qr_code_scan,9,1,1
65d09a83246a,cold,4.2,0.16,Low,0,staff_referral,30,1,1
7d5c3725dd4d,cold,4.925000000000001,0.16,Low,1,qr_code_scan,69,4,3
2e516b753ef3,cold,4.3,0.16,Low,0,in_person_booth,32,2,2
985acbeea861,cold,4.975,0.16,Low,0,qr_code_scan,67,4,4
d577a29d73b7,cold,3.05,0.16,Low,0,qr_code_scan,19,2,2
17b9ba80669f,hot,2.8499999999999996,0.16,Low,0,qr_code_scan,15,2,2
c9d510228f0f,warm,4.4,0.16,Low,0,qr_code_scan,51,3,3
d28cda34a54c,hot,4.0,0.16,Low,0,in_person_booth,35,2,2
438a30ef4e52,cold,3.0,0.15,Low,1,qr_code_scan,24,2,2
17e593f891f1,warm,3.1999999999999997,0.15,Low,0,in_person_booth,11,1,1
e234954b863a,cold,1.0,0.15,Low,0,self_service_kiosk,1,1,1
383cdd5f2aed,hot,4.2,0.15,Low,0,in_person_booth,30,1,1
7638469b2d40,hot,3.3499999999999996,0.15,Low,0,qr_code_scan,31,2,2
3c7af160cc05,hot,4.366666666666667,0.15,Low,0,staff_referral,50,3,3
870676172539,warm,2.2,0.15,Low,0,in_person_booth,1,1,1
7579ab83c86c,cold,3.1999999999999997,0.15,Low,0,staff_referral,14,1,1
7b62087159e1,cold,1.9,0.15,Low,0,in_person_booth,10,1,1
d114f564d302,warm,4.500000000000001,0.15,Low,0,self_service_kiosk,24,1,1
50ac3c7bf050,cold,2.0,0.15,Low,0,in_person_booth,2,1,1
d240d217599b,cold,4.05,0.15,Low,1,in_person_booth,30,2,2
c5be5e0cd2f1,cold,2.6,0.15,Low,0,staff_referral,5,1,1
c4a2ebfb06e7,cold,3.55,0.15,Low,0,self_service_kiosk,26,2,2
24083d394ce1,hot,3.1,0.15,Low,0,self_service_kiosk,10,1,1
a02cbef5aab9,cold,4.925000000000001,0.15,Low,0,self_service_kiosk,75,4,3
9d7979789546,hot,4.15,0.15,Low,0,qr_code_scan,43,2,1
2294f8772f1e,cold,4.2,0.15,Low,0,staff_referral,39,2,2
3bd89c507866,cold,4.1000000000000005,0.15,Low,0,qr_code_scan,20,1,1
7ce129f81491,warm,4.800000000000001,0.15,Low,0,qr_code_scan,27,1,1
42b740452b43,cold,3.8,0.14,Low,0,qr_code_scan,60,3,2
e0dd96135fc3,warm,3.5,0.14,Low,0,staff_referral,17,1,1
e235ac718796,hot,3.0,0.14,Low,0,in_person_booth,21,2,2
f7f7f09f865d,hot,4.1000000000000005,0.14,Low,0,self_service_kiosk,51,3,2
e6b0fa09fa6d,hot,2.7,0.14,Low,0,in_person_booth,9,2,2
e61ac4bfe5cc,cold,3.4000000000000004,0.14,Low,0,self_service_kiosk,29,2,2
bf53947cbfaf,cold,2.8,0.14,Low,0,self_service_kiosk,20,2,2
5ada92cf7a79,hot,2.3,0.14,Low,1,qr_code_scan,8,1,1
6bf9570a43e0,hot,3.6,0.14,Low,0,qr_code_scan,15,1,1
6dee4e82cbfa,cold,3.0999999999999996,0.14,Low,0,in_person_booth,32,2,2
6ca38464623d,hot,1.6,0.14,Low,0,qr_code_scan,7,1,1
6c3b379a676a,warm,1.5,0.14,Low,0,staff_referral,3,1,1
39f70afac5de,cold,3.0,0.14,Low,0,in_person_booth,27,2,2
6a6c12649ff9,warm,5.1000000000000005,0.14,Low,0,qr_code_scan,30,1,1
f6b558fb0e84,cold,2.3,0.14,Low,0,qr_code_scan,2,1,1
c4c1ec5702f1,cold,3.3500000000000005,0.13,Low,0,qr_code_scan,19,2,2
edf8587aa7e0,cold,3.4,0.13,Low,0,staff_referral,13,1,1
ec7ef92877e4,cold,3.8999999999999995,0.13,Low,0,self_service_kiosk,36,2,2
eb47a0584936,cold,4.8999999999999995,0.13,Low,0,qr_code_scan,47,2,2
c079f5991204,cold,2.7,0.13,Low,0,in_person_booth,12,2,2
3587bb487904,hot,4.7,0.13,Low,1,in_person_booth,75,4,3
643f158bb923,warm,5.166666666666667,0.13,Low,0,in_person_booth,74,3,2
a2564fd2bbde,hot,2.5,0.13,Low,0,qr_code_scan,11,2,2
5ae58c044f34,cold,3.8,0.13,Low,0,self_service_kiosk,37,2,2
ff47ddbf2a9d,warm,1.9,0.13,Low,0,staff_referral,4,1,1
49fb8b034c7f,hot,1.1,0.13,Low,0,qr_code_scan,2,1,1
fcc2604694dc,cold,3.2000000000000006,0.13,Low,0,in_person_booth,21,3,3
4c4387cc6195,cold,3.0,0.13,Low,0,qr_code_scan,18,2,2
3d92453da2ff,hot,2.4,0.13,Low,0,self_service_kiosk,6,1,1
95111ae33e2c,warm,4.7,0.13,Low,0,in_person_booth,26,1,1
98dcee52c32e,cold,3.3,0.13,Low,0,staff_referral,41,4,2
308626182b5f,warm,3.4999999999999996,0.13,Low,0,in_person_booth,20,1,1
df555e4ac18a,cold,3.5,0.13,Low,0,in_person_booth,34,2,2
2ec252052449,warm,3.466666666666667,0.13,Low,0,in_person_booth,26,3,3
df7913f4465a,hot,3.1999999999999997,0.13,Low,0,qr_code_scan,20,1,1
741fc83adad3,cold,2.2,0.13,Low,0,self_service_kiosk,1,1,1
5e4cd82a818a,cold,3.3499999999999996,0.13,Low,0,in_person_booth,28,2,2
210f19a37bd2,cold,3.0,0.13,Low,0,in_person_booth,24,2,2
1a3169220626,hot,1.7999999999999998,0.13,Low,0,staff_referral,3,1,1
212124e3ed49,cold,4.6000000000000005,0.13,Low,0,self_service_kiosk,47,2,2
cf6536eb8f6a,cold,3.5,0.13,Low,0,in_person_booth,16,2,2
aeeff46ecdc7,cold,2.9000000000000004,0.13,Low,0,qr_code_scan,19,2,2
1487692c0428,hot,4.1000000000000005,0.13,Low,0,self_service_kiosk,20,1,1
31e078da9301,cold,2.1999999999999997,0.13,Low,0,self_service_kiosk,4,1,1
6fd8fcd8fef7,cold,2.9,0.13,Low,0,in_person_booth,27,2,1
ebccde892ffb,warm,2.1,0.12,Low,0,staff_referral,6,1,1
4f57aed15b80,cold,3.6999999999999997,0.12,Low,0,in_person_booth,31,2,1
808b7ccd3be5,warm,3.0,0.12,Low,0,self_service_kiosk,21,1,1
d80542629030,warm,2.4,0.12,Low,0,qr_code_scan,12,1,1
263f97b509c4,warm,3.1000000000000005,0.12,Low,0,in_person_booth,17,2,2
5a7a3e3037de,cold,3.3999999999999995,0.12,Low,0,staff_referral,26,2,2
08f26804557f,warm,4.48,0.12,Low,0,staff_referral,61,5,4
0ae38fbb776b,cold,4.2,0.12,Low,0,self_service_kiosk,33,2,2
966a2be508d4,cold,3.666666666666667,0.12,Low,0,in_person_booth,26,3,3
fa706d307133,warm,1.3,0.12,Low,1,self_service_kiosk,1,1,1
5daa4127f056,cold,3.9000000000000004,0.12,Low,0,in_person_booth,30,2,2
fd28296431de,hot,3.1999999999999997,0.12,Low,0,in_person_booth,11,1,1
a86da4dff119,cold,4.466666666666667,0.12,Low,0,in_person_booth,44,3,3
88497b9c5db1,cold,3.0,0.12,Low,0,self_service_kiosk,12,1,1
1ed281af8283,hot,2.4,0.12,Low,0,qr_code_scan,9,2,2
b152a5bf5d01,warm,3.6000000000000005,0.12,Low,0,qr_code_scan,33,3,3
a50082f29615,warm,2.6999999999999997,0.12,Low,0,in_person_booth,18,1,1
101254e1a170,cold,4.3,0.12,Low,0,in_person_booth,35,2,2
600eefbf803f,hot,2.6999999999999997,0.12,Low,0,in_person_booth,9,1,1
239715ea9609,hot,3.8000000000000003,0.12,Low,0,staff_referral,29,1,1
71cf4834da05,cold,3.8000000000000003,0.12,Low,0,in_person_booth,36,3,3
ec89541370ce,warm,3.55,0.12,Low,0,in_person_booth,26,2,2
576b7dc6e2dc,cold,4.1,0.11,Low,0,qr_code_scan,40,2,2
4e07f7d09c16,hot,3.55,0.11,Low,0,qr_code_scan,35,2,2
c50195fb94fa,cold,3.3500000000000005,0.11,Low,0,self_service_kiosk,34,2,2
54392c1312dc,cold,4.366666666666667,0.11,Low,0,in_person_booth,35,3,3
c24add633531,cold,2.6,0.11,Low,0,self_service_kiosk,4,2,2
ccc5800f36c9,warm,1.6,0.11,Low,0,qr_code_scan,1,1,1
95316f627f46,cold,3.6,0.11,Low,0,in_person_booth,15,1,1
2a2ba17d92c6,warm,4.633333333333334,0.11,Low,0,qr_code_scan,52,3,3
4ce4a8a95b6e,hot,4.875,0.11,Low,0,in_person_booth,45,4,4
939b20c480ba,hot,1.8000000000000003,0.11,Low,0,in_person_booth,6,1,1
9a8bbbcc5495,cold,3.5,0.11,Low,0,qr_code_scan,37,2,2
d4af54f1fdae,warm,4.2,0.11,Low,0,in_person_booth,42,2,2
98b7897f3cea,hot,4.625,0.11,Low,0,qr_code_scan,56,4,4
0d2dd486abe7,cold,5.775,0.11,Low,1,staff_referral,90,4,4
915d9613cee5,hot,3.1,0.11,Low,0,self_service_kiosk,13,1,1
0f58ba737dc4,cold,5.2,0.11,Low,0,self_service_kiosk,64,4,4
e6a3844dc961,warm,4.975,0.11,Low,0,qr_code_scan,55,4,4
e690932e1270,warm,1.5,0.11,Low,0,in_person_booth,6,1,1
60842009e026,cold,3.5,0.11,Low,0,staff_referral,14,1,1
8097de6b9996,hot,4.700000000000001,0.11,Low,1,qr_code_scan,29,1,1
776c321b4681,warm,1.6,0.11,Low,0,qr_code_scan,7,1,1
20af226589fa,warm,3.7333333333333334,0.11,Low,0,in_person_booth,34,3,3
cea8fea5ba20,warm,4.9,0.11,Low,0,qr_code_scan,28,1,1
7546cded1c2d,warm,3.5,0.11,Low,0,self_service_kiosk,31,2,2
75c568589c10,warm,3.3000000000000003,0.11,Low,0,self_service_kiosk,29,2,1
0d1fc47253f3,hot,3.5,0.11,Low,0,qr_code_scan,14,1,1
072140f2e0e6,cold,2.5,0.11,Low,0,in_person_booth,4,1,1
fdaf4329717d,cold,2.6000000000000005,0.11,Low,0,self_service_kiosk,21,3,2
862e55eb3a45,hot,3.3500000000000005,0.11,Low,0,qr_code_scan,22,2,2
7e34dc951cf7,hot,2.75,0.11,Low,0,in_person_booth,16,2,2
e9172a8d3a5b,warm,1.1,0.1,Low,0,staff_referral,2,1,1
148bcb914c03,cold,3.7,0.1,Low,0,in_person_booth,23,2,2
bb4bcfce3776,warm,5.05,0.1,Low,0,qr_code_scan,56,2,2
4626dd33a0ff,hot,3.3000000000000003,0.1,Low,0,qr_code_scan,24,1,1
8dce1a302c05,warm,2.8,0.1,Low,0,self_service_kiosk,7,1,1
6e218e17d941,hot,2.1500000000000004,0.1,Low,0,qr_code_scan,7,2,2
3626b337a0ac,warm,4.0,0.1,Low,0,in_person_booth,45,3,2
3764424af9d9,cold,3.45,0.1,Low,0,in_person_booth,36,2,2
c94654ce3040,cold,4.2,0.1,Low,0,in_person_booth,48,2,2
4e680d9c8e34,hot,2.8,0.1,Low,0,qr_code_scan,7,1,1
68d6b15bfb9d,warm,3.9,0.1,Low,0,qr_code_scan,24,1,1
67cb9c2ffbbb,warm,4.4,0.1,Low,0,qr_code_scan,63,3,3
6b03eb44f54c,cold,3.8000000000000003,0.1,Low,0,qr_code_scan,23,1,1
6e63d3442cbe,warm,2.2,0.1,Low,0,staff_referral,13,1,1
5c95d470d5ae,cold,5.000000000000001,0.1,Low,0,self_service_kiosk,29,1,1
9df2d3a0410a,hot,1.9,0.1,Low,0,qr_code_scan,1,1,1
40487b7d4c39,hot,4.866666666666667,0.1,Low,0,staff_referral,62,3,3
3ec45bc3110d,hot,4.55,0.1,Low,0,staff_referral,49,2,2
2065995a4b65,warm,4.75,0.1,Low,0,in_person_booth,50,2,2
1ba009a65996,warm,1.7999999999999998,0.1,Low,0,in_person_booth,9,1,1
a5a7c19a9463,cold,1.9,0.1,Low,0,self_service_kiosk,1,1,1
0c2b8ea96c71,hot,3.4999999999999996,0.1,Low,0,self_service_kiosk,20,1,1
2bb03346d7bd,hot,3.1,0.1,Low,0,staff_referral,19,1,1
ad5809df36fe,hot,3.4333333333333336,0.1,Low,0,in_person_booth,31,3,3
9ff78ccf92d5,cold,1.6,0.1,Low,0,staff_referral,1,1,1
e04d9014471a,warm,4.1000000000000005,0.1,Low,0,qr_code_scan,36,3,3
3f44a84cdf85,cold,4.1,0.1,Low,0,qr_code_scan,31,2,2
17313736b09b,cold,3.2,0.1,Low,0,qr_code_scan,28,2,2
e06b314f119c,cold,2.6,0.1,Low,0,self_service_kiosk,17,1,1
e0b6902bb6ec,cold,5.075,0.1,Low,0,staff_referral,80,4,4
5eb12d513c6f,cold,2.5,0.1,Low,0,self_service_kiosk,5,2,2
7348c216e029,hot,3.5,0.1,Low,1,in_person_booth,28,2,2
ce7e929f266d,cold,4.7,0.1,Low,0,qr_code_scan,46,2,2
d4495f340464,warm,3.9,0.1,Low,0,qr_code_scan,21,1,1
0eb4837ff189,hot,3.9000000000000004,0.1,Low,0,in_person_booth,30,2,2
62f47615dc50,warm,2.3,0.1,Low,0,staff_referral,8,1,1
653034e1db9a,warm,4.8999999999999995,0.1,Low,0,self_service_kiosk,50,2,2
7aebcf28723d,hot,4.05,0.1,Low,0,qr_code_scan,42,2,2
a52ad4004b28,cold,2.5,0.1,Low,0,qr_code_scan,17,2,2
24b3b9978d66,warm,5.000000000000001,0.1,Low,0,qr_code_scan,29,1,1
73ad1226879e,hot,2.8,0.1,Low,0,self_service_kiosk,25,2,1
5e7c953ff390,cold,4.300000000000001,0.1,Low,0,qr_code_scan,22,1,1
aa7689e9736c,cold,3.6000000000000005,0.1,Low,0,self_service_kiosk,27,2,2
55b3ac749f62,cold,3.3499999999999996,0.09,Low,0,qr_code_scan,31,2,2
cacc9c95a09d,cold,5.575,0.09,Low,0,qr_code_scan,85,4,4
c568d38fd39a,cold,3.35,0.09,Low,0,in_person_booth,39,2,1
cc50f051779c,warm,3.8000000000000003,0.09,Low,0,qr_code_scan,17,1,1
6adbd8ff6c57,cold,3.0,0.09,Low,0,in_person_booth,18,1,1
39b3632aac26,cold,4.5,0.09,Low,0,qr_code_scan,54,2,2
c761aa6ccd75,cold,3.5,0.09,Low,0,in_person_booth,31,2,2
e6b83d8c70e4,cold,4.1000000000000005,0.09,Low,0,self_service_kiosk,26,1,1
e6ee73115af0,hot,3.0,0.09,Low,0,self_service_kiosk,12,1,1
e61efd9b99d5,warm,3.6,0.09,Low,0,self_service_kiosk,18,1,1
73a491d2e8af,warm,3.5999999999999996,0.09,Low,0,in_person_booth,21,2,2
71b7586ea190,warm,4.466666666666667,0.09,Low,0,in_person_booth,50,3,3
6fe14ea0b3a6,hot,4.800000000000001,0.09,Low,0,qr_code_scan,60,3,3
d37c6f48a15c,cold,3.4,0.09,Low,0,qr_code_scan,25,1,1
d39ed711c246,cold,4.0,0.09,Low,0,in_person_booth,34,2,1
e7ed3b4fe60d,warm,4.4,0.09,Low,0,qr_code_scan,49,2,2
e826d404e74a,hot,1.7000000000000002,0.09,Low,0,staff_referral,5,1,1
7a26e3ba4b5f,cold,3.3000000000000003,0.09,Low,0,qr_code_scan,38,2,1
b512b9934e8c,cold,1.9,0.09,Low,0,qr_code_scan,4,1,1
7dd3eb4b0e74,cold,3.8000000000000003,0.09,Low,0,self_service_kiosk,17,1,1
7b953b61841e,cold,3.1999999999999997,0.09,Low,0,staff_referral,17,1,1
986e1760f7cd,cold,3.1500000000000004,0.09,Low,0,qr_code_scan,27,2,2
909e51cb2e60,hot,2.0,0.09,Low,0,self_service_kiosk,2,1,1
df5c43dd2d6c,warm,4.4,0.09,Low,0,qr_code_scan,29,1,1
2d37a7e9d48b,warm,2.6999999999999997,0.09,Low,0,staff_referral,6,1,1
14fbfc4b3274,hot,4.8,0.09,Low,0,in_person_booth,54,2,2
ab36ef2dafea,hot,3.5,0.09,Low,0,qr_code_scan,24,2,1
0bc48c05172c,hot,6.25,0.09,Low,0,in_person_booth,126,6,5
0b6e39e916fa,hot,3.45,0.09,Low,0,qr_code_scan,36,2,2
f04ce18a7586,cold,4.3,0.09,Low,0,self_service_kiosk,25,1,1
f24a30270743,hot,1.7000000000000002,0.09,Low,0,staff_referral,8,1,1
47b9da8de261,cold,3.55,0.09,Low,0,in_person_booth,32,2,2
06bd55086dc6,cold,2.5,0.09,Low,0,qr_code_scan,16,1,1
03e096e064e5,cold,3.05,0.09,Low,0,in_person_booth,28,2,2
051fabe17adb,warm,1.7000000000000002,0.09,Low,0,in_person_booth,5,1,1
07d1a4e933cf,cold,4.4,0.08,Low,0,staff_referral,26,1,1
4665b9fd01b7,cold,3.9333333333333336,0.08,Low,0,staff_referral,25,3,3
592ccd377c22,cold,5.3,0.08,Low,0,qr_code_scan,72,3,2
f24e93aa16c5,warm,4.825,0.08,Low,0,qr_code_scan,58,4,4
3d195ba42625,warm,2.9,0.08,Low,0,qr_code_scan,17,1,1
98d13aa43fc4,warm,3.5,0.08,Low,0,staff_referral,14,1,1
9c9c13cc84ff,warm,1.7000000000000002,0.08,Low,0,in_person_booth,8,1,1
96201e739143,hot,3.05,0.08,Low,0,self_service_kiosk,22,2,2
1768613ae6c6,hot,4.875,0.08,Low,0,in_person_booth,70,4,3
161a14577cab,cold,4.0,0.08,Low,0,in_person_booth,32,2,2
e590f32e65b6,cold,4.0,0.08,Low,0,in_person_booth,41,2,2
85ab25255806,hot,3.466666666666667,0.08,Low,0,in_person_booth,23,3,2
2e7a319e8608,cold,4.1000000000000005,0.08,Low,0,qr_code_scan,20,1,1
868de78e456f,cold,3.4999999999999996,0.08,Low,0,qr_code_scan,36,2,1
14d0a1006ce2,cold,2.15,0.08,Low,0,self_service_kiosk,15,2,1
5de2f35a663b,warm,3.4,0.08,Low,0,self_service_kiosk,19,1,1
7e1c83fc5a43,cold,3.4000000000000004,0.08,Low,0,in_person_booth,38,2,2
e143af488bb3,cold,3.9333333333333336,0.08,Low,0,self_service_kiosk,34,3,3
a475ee7ad941,warm,4.4,0.08,Low,0,in_person_booth,49,2,2
e598e1ef8ce8,warm,5.1000000000000005,0.08,Low,0,staff_referral,30,1,1
1ae9394efbf4,cold,3.5,0.08,Low,0,in_person_booth,30,2,1
7691257510e2,cold,3.45,0.08,Low,0,in_person_booth,21,2,2
b89bb7a73663,warm,3.4,0.08,Low,0,in_person_booth,25,1,1
bb6e2a7963bd,warm,3.0,0.08,Low,0,qr_code_scan,18,1,1
33b594637746,warm,3.8500000000000005,0.08,Low,0,qr_code_scan,29,2,2
b10f71c9ec61,hot,4.45,0.08,Low,0,staff_referral,38,2,2
d1357a1cd957,cold,4.133333333333334,0.08,Low,0,in_person_booth,43,3,3
ce8969e8a981,warm,2.1,0.08,Low,0,in_person_booth,6,1,1
c03543d883ec,cold,4.825,0.08,Low,1,in_person_booth,58,4,4
af63f7f928aa,cold,2.75,0.08,Low,0,qr_code_scan,27,2,1
122ececff2a8,cold,4.55,0.08,Low,0,in_person_booth,49,2,2
7a82412815fd,cold,2.1,0.08,Low,0,qr_code_scan,12,1,1
385b1c57ce64,hot,2.4,0.08,Low,0,staff_referral,6,1,1
3afe08d9187e,cold,3.9,0.08,Low,0,qr_code_scan,18,1,1
534132fbda6f,cold,2.6,0.08,Low,0,self_service_kiosk,19,2,2
56637e3573ac,hot,2.1,0.08,Low,0,in_person_booth,6,1,1
51840abeff5d,warm,5.000000000000001,0.08,Low,0,in_person_booth,29,1,1
c65ad26df917,hot,4.5,0.08,Low,0,qr_code_scan,27,1,1
ed2ba8fe6355,hot,1.9,0.08,Low,0,staff_referral,10,1,1
6841435415ac,cold,3.0,0.08,Low,0,in_person_booth,21,2,2
4ed2155cb460,warm,3.9,0.08,Low,0,self_service_kiosk,21,1,1
c5422f2e28c3,cold,3.2,0.08,Low,0,staff_referral,23,1,1
c0d76f7a64d5,cold,3.5,0.08,Low,0,qr_code_scan,19,2,2
d46b17a6c7c9,cold,3.5000000000000004,0.07,Low,0,qr_code_scan,23,1,1
7d3a9a3fb9bf,hot,4.15,0.07,Low,0,in_person_booth,44,2,2
82088999b995,cold,3.8000000000000003,0.07,Low,0,self_service_kiosk,17,1,1
7f3e02cb7ff4,hot,1.0,0.07,Low,0,in_person_booth,1,1,1
2c62b0d36e3a,cold,4.25,0.07,Low,0,in_person_booth,52,2,2
23c74ddcd665,cold,3.3000000000000003,0.07,Low,0,in_person_booth,24,1,1
a9493128f5e6,hot,3.7,0.07,Low,0,staff_referral,28,1,1
b3e985170c4f,warm,3.4,0.07,Low,0,self_service_kiosk,13,1,1
244f90f97469,hot,3.5000000000000004,0.07,Low,0,staff_referral,23,1,1
2e33a96af241,hot,3.5,0.07,Low,0,self_service_kiosk,14,1,1
9f7fce8aa862,hot,3.45,0.07,Low,0,self_service_kiosk,27,2,2
2b0bf33388a9,cold,3.666666666666667,0.07,Low,0,in_person_booth,35,3,2
85316b5511ca,hot,4.0,0.07,Low,0,in_person_booth,22,1,1
8fd4507dbc9c,warm,1.4,0.07,Low,0,staff_referral,5,1,1
4235fdaf1d3a,cold,3.7,0.07,Low,0,staff_referral,28,1,1
4c18f5018e93,warm,1.9,0.07,Low,0,qr_code_scan,4,1,1
4c48870179c3,cold,4.1000000000000005,0.07,Low,0,qr_code_scan,34,2,2
9ab3fb96e699,cold,3.6999999999999997,0.07,Low,0,staff_referral,22,1,1
9623adcff517,warm,3.9999999999999996,0.07,Low,0,staff_referral,25,1,1
0687e96b5e78,cold,3.8500000000000005,0.07,Low,0,self_service_kiosk,32,2,2
f9fc2d062795,cold,3.7,0.07,Low,0,in_person_booth,29,2,2
4e6186d20985,hot,5.1000000000000005,0.07,Low,0,qr_code_scan,69,3,3
501bc9a6d87c,hot,3.6,0.07,Low,0,qr_code_scan,21,1,1
c0e52a3a4429,warm,3.3000000000000003,0.07,Low,0,staff_referral,21,1,1
694a1fe2eab9,cold,3.1,0.07,Low,0,in_person_booth,13,1,1
55dad06257cc,cold,3.7,0.07,Low,0,self_service_kiosk,37,2,1
684df05d7b9f,cold,3.5,0.07,Low,0,in_person_booth,39,2,1
39c223b6104d,warm,2.3000000000000003,0.07,Low,0,self_service_kiosk,11,1,1
69a5a08e9925,cold,3.0,0.07,Low,0,staff_referral,18,1,1
6ec725afa914,hot,4.533333333333333,0.07,Low,0,in_person_booth,55,3,3
edc970ebb393,cold,2.8499999999999996,0.07,Low,0,in_person_booth,6,2,2
1dddf2da5737,hot,4.500000000000001,0.07,Low,0,staff_referral,24,1,1
35497e398b12,warm,3.4999999999999996,0.07,Low,0,staff_referral,20,1,1
60c31911fec0,hot,3.75,0.07,Low,0,self_service_kiosk,35,2,1
81479668847f,hot,3.3499999999999996,0.07,Low,0,in_person_booth,28,2,2
e7b6b289ab00,hot,2.0,0.07,Low,0,staff_referral,8,1,1
81bbc494e50e,cold,2.8000000000000003,0.07,Low,0,in_person_booth,16,1,1
312e3c6c78c2,hot,3.4,0.07,Low,0,in_person_booth,25,1,1
7a72ec83ed08,cold,4.700000000000001,0.07,Low,0,qr_code_scan,29,1,1
3414353656c6,cold,4.5,0.07,Low,0,qr_code_scan,48,3,3
0bb5d0375f4d,cold,4.1000000000000005,0.06,Low,0,self_service_kiosk,26,1,1
05fd3a49433b,warm,3.0000000000000004,0.06,Low,0,in_person_booth,23,2,1
c820f5e35f5b,hot,1.8000000000000003,0.06,Low,0,staff_referral,6,1,1
49ef431a9e10,cold,3.2,0.06,Low,0,qr_code_scan,25,2,2
5c9da8beb60b,cold,3.3000000000000003,0.06,Low,0,self_service_kiosk,21,1,1
3beea7766f00,cold,3.866666666666667,0.06,Low,0,in_person_booth,35,3,3
4a05475fcbbb,hot,3.2,0.06,Low,0,qr_code_scan,27,3,2
41ea3c8725e9,warm,5.3,0.06,Low,0,qr_code_scan,90,4,3
3ecbf71cdecc,cold,4.7,0.06,Low,0,qr_code_scan,40,2,2
8fb996ec5389,warm,4.2,0.06,Low,0,self_service_kiosk,24,1,1
934c429f9e41,cold,2.8000000000000003,0.06,Low,0,staff_referral,19,1,1
d838afc3ff32,warm,2.8000000000000003,0.06,Low,0,self_service_kiosk,19,1,1
dc9fce41cd8d,cold,4.5,0.06,Low,0,self_service_kiosk,39,2,2
22b7d2bff97b,cold,3.5000000000000004,0.06,Low,0,staff_referral,23,1,1
b2b5990bb972,cold,4.6000000000000005,0.06,Low,0,in_person_booth,28,1,1
a18fd38f19d9,hot,4.5,0.06,Low,0,staff_referral,27,1,1
848dc2a8aea4,hot,1.6,0.06,Low,0,self_service_kiosk,1,1,1
256c0791ce38,hot,2.6,0.06,Low,0,self_service_kiosk,14,1,1
273af09e5305,hot,3.5,0.06,Low,0,qr_code_scan,28,2,2
ac2fcf530af7,cold,4.3,0.06,Low,0,self_service_kiosk,38,2,2
85e9784e1909,hot,3.8500000000000005,0.06,Low,0,qr_code_scan,32,2,2
27afebde9fe9,hot,3.6,0.06,Low,0,in_person_booth,21,1,1
08b783b9e553,warm,2.3,0.06,Low,0,in_person_booth,8,1,1
727b98e7dba2,cold,4.966666666666667,0.06,Low,1,in_person_booth,56,3,3
e894171c67a4,hot,2.9,0.06,Low,0,self_service_kiosk,14,1,1
32f0b03436e4,hot,4.1000000000000005,0.06,Low,0,in_person_booth,34,2,2
11fb76546fb3,cold,3.5333333333333337,0.06,Low,0,in_person_booth,55,3,1
be3bbe9ff56c,cold,4.65,0.06,Low,0,in_person_booth,45,4,4
bcedb3b3fe74,hot,3.45,0.06,Low,0,in_person_booth,21,2,2
6c776159dd1c,warm,1.9,0.06,Low,0,in_person_booth,7,1,1
eacdb28c66f4,hot,3.1,0.06,Low,0,in_person_booth,22,1,1
cd13ff40fc09,cold,3.9000000000000004,0.06,Low,0,staff_referral,41,2,1
1e592ad9f557,warm,3.333333333333334,0.06,Low,0,in_person_booth,34,3,3
6c67069e5136,cold,2.1,0.06,Low,0,staff_referral,6,1,1
3838b48ad09e,hot,3.4999999999999996,0.06,Low,0,in_person_booth,36,2,1
cae25e50eddb,cold,4.7,0.06,Low,0,in_person_booth,46,2,2
57578aff0e6f,warm,5.000000000000001,0.06,Low,0,qr_code_scan,29,1,1
35ac24645997,hot,2.95,0.06,Low,0,qr_code_scan,34,2,1
524d3e8d848c,hot,5.133333333333333,0.06,Low,0,in_person_booth,76,3,3
56c2777df27f,warm,4.833333333333334,0.06,Low,0,qr_code_scan,64,3,3
680ed79b7e3f,hot,2.8000000000000003,0.06,Low,0,staff_referral,16,1,1
f7087adf3eb2,cold,4.2,0.06,Low,0,self_service_kiosk,53,2,1
eeee921df319,cold,3.1,0.06,Low,0,self_service_kiosk,16,1,1
c512215818a6,hot,3.8,0.06,Low,0,qr_code_scan,20,1,1
4d9a24684b00,warm,3.6,0.06,Low,0,qr_code_scan,27,1,1
fcf91d14321d,cold,4.700000000000001,0.05,Low,0,qr_code_scan,29,1,1
0d882c484b43,warm,1.8000000000000003,0.05,Low,0,staff_referral,6,1,1
03ebd797a874,cold,4.95,0.05,Low,0,qr_code_scan,48,2,2
f7b3c3ff700d,cold,3.533333333333333,0.05,Low,0,self_service_kiosk,46,3,2
4fa15e8d35ef,cold,3.6500000000000004,0.05,Low,0,qr_code_scan,28,2,2
c895768bd4ab,hot,4.1000000000000005,0.05,Low,0,qr_code_scan,20,1,1
c177ca0d818c,warm,2.6999999999999997,0.05,Low,0,self_service_kiosk,12,1,1
fd5d69e9cd7a,hot,1.6,0.05,Low,0,in_person_booth,4,1,1
468796cfa884,hot,3.6500000000000004,0.05,Low,0,in_person_booth,25,2,2
17909757a11c,hot,4.466666666666667,0.05,Low,0,in_person_booth,53,3,3
3d4fadd86fd7,warm,3.9,0.05,Low,0,in_person_booth,30,1,1
87c874f8882b,hot,4.866666666666667,0.05,Low,0,qr_code_scan,71,3,3
9f58ee84751a,cold,3.2,0.05,Low,0,self_service_kiosk,39,2,1
27a4253c1760,warm,4.75,0.05,Low,0,in_person_booth,61,4,4
9aaba494b963,hot,2.1,0.05,Low,0,self_service_kiosk,3,1,1
99d92ff7983b,cold,3.3,0.05,Low,0,in_person_booth,15,1,1
241ccfde47a1,warm,3.4000000000000004,0.05,Low,0,in_person_booth,39,3,2
a16a0d791c0c,warm,4.4,0.05,Low,0,staff_referral,23,1,1
a54a4f96e8de,cold,4.833333333333334,0.05,Low,0,qr_code_scan,61,3,3
b0a9e43fb598,warm,2.9999999999999996,0.05,Low,0,self_service_kiosk,15,1,1
d2b857b8f123,warm,3.3499999999999996,0.05,Low,0,qr_code_scan,31,2,2
d2e7a4056774,hot,3.4,0.05,Low,0,self_service_kiosk,13,1,1
d1e6aa97adfc,cold,5.4,0.05,Low,0,in_person_booth,75,4,4
a86829240ba1,cold,2.1,0.05,Low,0,staff_referral,12,1,1
bc2b596f1a6b,hot,4.0,0.05,Low,0,in_person_booth,35,2,2
b765f6eb2695,warm,2.8000000000000003,0.05,Low,0,qr_code_scan,16,1,1
c095960095eb,cold,4.5,0.05,Low,0,in_person_booth,27,1,1
5536da863115,cold,4.4,0.05,Low,0,in_person_booth,45,3,3
3313b6e91fb8,hot,2.3,0.05,Low,0,qr_code_scan,7,2,2
e9c4c11f3e7b,cold,3.1,0.05,Low,0,in_person_booth,16,1,1
ece726b8250a,cold,4.7666666666666675,0.05,Low,0,in_person_booth,62,3,3
f767e421ffc7,hot,4.133333333333334,0.05,Low,0,staff_referral,43,3,3
476efae718e3,warm,2.6,0.05,Low,0,staff_referral,17,1,1
fe5769dc8967,cold,3.6000000000000005,0.05,Low,0,qr_code_scan,24,2,2
68d73bee83e9,hot,4.3,0.05,Low,0,qr_code_scan,38,2,2
7349e5223a70,warm,3.6000000000000005,0.05,Low,0,in_person_booth,33,3,3
81f9bd8fcf80,warm,3.6,0.05,Low,0,in_person_booth,15,1,1
7ad9cafc173b,hot,4.133333333333334,0.05,Low,0,in_person_booth,37,3,3
626ec650e32a,hot,3.0,0.05,Low,0,qr_code_scan,12,1,1
5eaa165dbf36,cold,4.166666666666667,0.05,Low,0,in_person_booth,41,3,3
0eba56661918,warm,3.6999999999999997,0.05,Low,0,qr_code_scan,19,1,1
e421991fd3de,hot,3.6999999999999997,0.05,Low,0,qr_code_scan,19,1,1
2d4fec69b02a,cold,3.9499999999999997,0.05,Low,0,qr_code_scan,45,2,1
8e25d5fee47c,warm,4.366666666666667,0.05,Low,0,in_person_booth,53,3,2
75a1685a5c21,warm,4.5,0.05,Low,0,qr_code_scan,27,1,1
78122715b3df,warm,1.6,0.05,Low,0,self_service_kiosk,1,1,1
faebfca948c2,hot,5.000000000000001,0.04,Low,0,staff_referral,29,1,1
f306f7ff0a05,warm,2.0,0.04,Low,0,in_person_booth,8,1,1
f1722847efb6,hot,2.5,0.04,Low,0,self_service_kiosk,7,1,1
fbbf140bc69d,hot,4.633333333333334,0.04,Low,0,qr_code_scan,55,3,3
0e0d13935e56,hot,4.6000000000000005,0.04,Low,0,staff_referral,25,1,1
ff7dac80ce07,hot,4.500000000000001,0.04,Low,0,self_service_kiosk,24,1,1
8c9217c87829,hot,4.4,0.04,Low,0,qr_code_scan,59,5,3
ef59da1b9a54,hot,4.5,0.04,Low,0,staff_referral,45,3,3
f57dfe870f30,cold,3.9999999999999996,0.04,Low,0,in_person_booth,25,1,1
0a8bfa44e7e1,hot,4.65,0.04,Low,0,qr_code_scan,77,4,2
089f20dff980,warm,3.5,0.04,Low,0,staff_referral,26,1,1
ca6337827bad,warm,4.166666666666667,0.04,Low,0,in_person_booth,41,3,3
c1b7695473b5,hot,4.7,0.04,Low,0,qr_code_scan,55,2,2
c56a85428cf4,cold,2.9499999999999997,0.04,Low,0,self_service_kiosk,28,2,1
448052c62aea,hot,4.7,0.04,Low,0,self_service_kiosk,43,2,2
0071b5798056,cold,2.3000000000000003,0.04,Low,0,self_service_kiosk,11,1,1
06afea761c7e,cold,3.7333333333333334,0.04,Low,0,staff_referral,37,3,2
694a9a7d46bd,hot,2.1,0.04,Low,0,qr_code_scan,6,1,1
7d08cabbb2d8,cold,3.55,0.04,Low,0,in_person_booth,29,2,2
7ef1a2bc4df2,warm,4.566666666666666,0.04,Low,0,qr_code_scan,56,3,2
e8d6ab3ebc5e,cold,4.2,0.04,Low,0,self_service_kiosk,24,1,1
8c7cb0eec6fb,warm,1.7999999999999998,0.04,Low,0,qr_code_scan,3,1,1
e954d42d6ba3,hot,4.825,0.04,Low,0,in_person_booth,83,4,3
22c91ea56855,hot,3.5000000000000004,0.04,Low,0,self_service_kiosk,23,1,1
cece97d7afe2,hot,1.6,0.04,Low,0,in_person_booth,1,1,1
6bbae093d1e2,warm,3.6,0.04,Low,0,staff_referral,24,1,1
4cc4af771105,hot,4.15,0.04,Low,0,qr_code_scan,49,2,1
ee503ea5cb5a,hot,2.8000000000000003,0.04,Low,0,staff_referral,16,1,1
ed50f030e0cb,cold,4.3,0.04,Low,0,in_person_booth,40,2,1
36fbc6edcaf3,cold,2.8,0.04,Low,0,staff_referral,7,1,1
8abe1a10166a,hot,4.433333333333334,0.04,Low,0,self_service_kiosk,43,3,3
dc09284af15d,cold,4.275,0.04,Low,0,staff_referral,70,4,3
a10535bc2968,warm,3.7,0.04,Low,0,self_service_kiosk,35,2,2
bdd436dd9c7d,hot,2.6999999999999997,0.04,Low,0,qr_code_scan,15,1,1
1a14e87b1947,cold,2.5,0.04,Low,0,staff_referral,17,2,2
d83c033c71a2,cold,3.766666666666667,0.04,Low,0,qr_code_scan,68,3,1
d970398db001,hot,4.466666666666667,0.04,Low,0,self_service_kiosk,56,3,2
942254cbcca5,cold,2.9,0.04,Low,0,staff_referral,14,1,1
a167df9ea81b,warm,1.9,0.04,Low,0,in_person_booth,10,1,1
b73562c7843e,warm,1.9,0.04,Low,0,self_service_kiosk,7,1,1
5640a36ac556,cold,3.4999999999999996,0.04,Low,0,qr_code_scan,20,1,1
18dcfc8b0cc4,warm,3.3000000000000003,0.04,Low,0,in_person_booth,24,1,1
b40eadb9e8e5,hot,3.466666666666667,0.04,Low,0,staff_referral,38,3,3
bb3da5ca302d,hot,2.8,0.04,Low,0,staff_referral,10,1,1
f00c3bb25fd2,warm,4.500000000000001,0.03,Low,0,in_person_booth,24,1,1
f17b863cd28c,hot,2.9000000000000004,0.03,Low,0,self_service_kiosk,22,2,2
9a1eee526d60,cold,3.6999999999999997,0.03,Low,0,self_service_kiosk,25,1,1
9eafe38015f5,cold,3.5,0.03,Low,0,qr_code_scan,17,1,1
97d3fb35362a,hot,3.25,0.03,Low,0,in_person_booth,23,2,2
678a58e494d8,warm,4.5,0.03,Low,0,self_service_kiosk,27,1,1
23a68b8351bb,cold,3.4,0.03,Low,0,qr_code_scan,25,1,1
cb7cc1a07e20,warm,4.566666666666666,0.03,Low,0,qr_code_scan,56,3,2
cccb8d130474,warm,3.5000000000000004,0.03,Low,0,staff_referral,23,1,1
d061646d42a6,cold,4.433333333333334,0.03,Low,0,in_person_booth,61,3,3
754a752fa784,hot,3.7,0.03,Low,0,qr_code_scan,34,2,1
474a2223daa7,hot,4.6000000000000005,0.03,Low,0,in_person_booth,25,1,1
fa0deecfdc66,cold,4.4,0.03,Low,0,self_service_kiosk,23,1,1
3e340e1607d7,cold,3.033333333333334,0.03,Low,0,self_service_kiosk,28,3,2
2fa0d6255c11,warm,4.966666666666667,0.03,Low,0,self_service_kiosk,74,3,3
ec4e3c8bd3f1,cold,5.000000000000001,0.03,Low,0,self_service_kiosk,29,1,1
f58d42a7f20a,hot,2.9,0.03,Low,0,qr_code_scan,11,1,1
f6ceffb962cf,hot,3.3,0.03,Low,0,in_person_booth,27,2,2
7a7da4f97b1b,hot,4.7,0.03,Low,0,staff_referral,26,1,1
718f9fc164ad,hot,2.2,0.03,Low,0,in_person_booth,10,1,1
92ab408596f0,warm,4.4,0.02,Low,0,self_service_kiosk,23,1,1
79dfad3a2fd2,warm,4.9750000000000005,0.02,Low,0,self_service_kiosk,89,4,3
f7aa30f6db22,cold,3.4,0.02,Low,0,qr_code_scan,22,1,1
c9a5275ea1bb,cold,4.1000000000000005,0.02,Low,0,in_person_booth,23,1,1
4cff7d11aad2,warm,3.4,0.02,Low,0,staff_referral,25,1,1
c3b3598f43b8,hot,4.0,0.02,Low,0,staff_referral,22,1,1
fadeeb0ba040,cold,4.300000000000001,0.02,Low,0,qr_code_scan,22,1,1
e384380e865e,hot,1.0,0.02,Low,0,in_person_booth,1,1,1
7acd3d634884,hot,2.9,0.02,Low,0,qr_code_scan,14,1,1
c6c7d69de865,hot,3.5999999999999996,0.02,Low,0,qr_code_scan,36,2,2
575ee40d0687,cold,4.4,0.02,Low,0,qr_code_scan,26,1,1
ce2462b8b28b,warm,2.8000000000000003,0.02,Low,0,staff_referral,16,1,1
b3f31a4d6370,cold,3.55,0.02,Low,0,in_person_booth,29,2,2
9c60947e2b23,hot,4.6000000000000005,0.02,Low,0,qr_code_scan,28,1,1
480afe197b7f,hot,4.45,0.02,Low,0,self_service_kiosk,44,2,2
25a0e4839ffe,warm,4.2,0.02,Low,0,staff_referral,24,1,1
a8d841fc2d67,warm,3.0,0.02,Low,0,in_person_booth,12,1,1
bbcd269621d9,warm,5.000000000000001,0.02,Low,0,self_service_kiosk,29,1,1
69ed2196633f,warm,2.9999999999999996,0.02,Low,0,qr_code_scan,15,1,1
f6e46bceadbf,hot,5.35,0.02,Low,0,in_person_booth,82,4,4
164a127325e4,warm,1.7000000000000002,0.02,Low,0,in_person_booth,5,1,1
8865a1280078,cold,4.0,0.02,Low,0,in_person_booth,41,2,2
d66a15aa2c98,hot,5.1,0.02,Low,0,qr_code_scan,72,4,4
df15addab9fe,hot,3.6999999999999997,0.02,Low,0,in_person_booth,22,1,1
db82e96c8882,hot,2.9,0.02,Low,0,in_person_booth,27,2,1
2d58f493d43c,cold,2.2,0.02,Low,0,staff_referral,10,1,1
d1a6b8c444f7,hot,3.6500000000000004,0.02,Low,0,qr_code_scan,34,2,2
c4f86f9dba98,cold,4.675000000000001,0.01,Low,0,in_person_booth,62,4,3
f54dd03836a9,cold,3.1,0.01,Low,0,self_service_kiosk,16,1,1
0ddc1498a647,warm,2.9999999999999996,0.01,Low,0,qr_code_scan,15,1,1
e3a07d1d2e03,cold,4.433333333333334,0.01,Low,0,in_person_booth,55,3,2
616a785dac72,hot,1.9,0.01,Low,0,qr_code_scan,4,1,1
70a7a9ae5f40,cold,5.166666666666667,0.01,Low,0,self_service_kiosk,68,3,3
9b583420dcdd,hot,1.6999999999999997,0.01,Low,0,in_person_booth,2,1,1
241684c7db0a,warm,3.4,0.01,Low,0,qr_code_scan,19,1,1
b40d307306f4,cold,4.15,0.01,Low,0,qr_code_scan,38,2,2
401394b15d9c,hot,4.5,0.01,Low,0,qr_code_scan,27,1,1
7de161a9b20d,hot,3.9,0.01,Low,0,self_service_kiosk,21,1,1
7b3bcb0e0fb7,cold,4.15,0.01,Low,0,in_person_booth,41,2,2
df6fb1bbcc08,hot,2.4999999999999996,0.01,Low,0,self_service_kiosk,10,1,1
83a4b2105223,cold,4.95,0.01,Low,0,qr_code_scan,45,2,2
91ccdb07e99b,hot,4.2,0.01,Low,0,self_service_kiosk,24,1,1
330b6017433c,warm,3.4999999999999996,0.01,Low,0,self_service_kiosk,20,1,1
5053af0a880b,warm,2.9999999999999996,0.0,Low,0,qr_code_scan,15,1,1
99f7c58c89d0,hot,4.2,0.0,Low,0,in_person_booth,42,2,2
1f5a095b1a2c,warm,2.9,0.0,Low,0,self_service_kiosk,20,1,1
